﻿<?xml version="1.0" encoding="utf-8" ?>
<hibernate-configuration xmlns="urn:nhibernate-configuration-2.2">
  <session-factory>
    <property name="connection.provider">NHibernate.Connection.DriverConnectionProvider</property>
    <property name="connection.driver_class">NHibernate.Driver.SqlClientDriver</property>
    <property name="connection.connection_string">Data Source=.;Initial Catalog=SportsStoreMVC3;Integrated Security=True;Pooling=False</property>
    <property name="show_sql">true</property>
    <property name="dialect">NHibernate.Dialect.MsSql2005Dialect</property>
    <property name="current_session_context_class">web</property>
    <mapping assembly="SportsStore.Domain"/>
    
  </session-factory>
</hibernate-configuration> 
